crit_number,index,radius,coords_1,coords_2,coords_3,coords_4,contact_graph
1,0,0.288675134594813,-0,0.577337567297407,0.5,0.288662432702593,3
2,1,0.25,-0.25,0,0.25,0,2
